{"stats":{"minecraft:dropped":{"minecraft:wheat_seeds":18,"minecraft:baked_potato":1,"minecraft:crafting_table":1,"minecraft:feather":1,"minecraft:string":1,"minecraft:bucket":1,"minecraft:birch_sapling":2,"minecraft:pointed_dripstone":1,"minecraft:rotten_flesh":2,"minecraft:diamond_shovel":1,"minecraft:glass_pane":1,"minecraft:oak_sapling":3,"minecraft:spider_eye":1},"minecraft:used":{"minecraft:oak_fence":1,"minecraft:cherry_sapling":7,"minecraft:rose_bush":4,"minecraft:spruce_slab":124,"minecraft:stone_shovel":633,"minecraft:spruce_planks":94,"minecraft:chest":11,"minecraft:wooden_shovel":183,"minecraft:cooked_chicken":1,"minecraft:torch":41,"minecraft:dirt":141,"minecraft:mutton":2,"minecraft:spruce_stairs":70,"minecraft:carrot":138,"minecraft:stone_stairs":21,"minecraft:spruce_fence":21,"minecraft:wooden_axe":77,"minecraft:lantern":2,"minecraft:oak_stairs":42,"minecraft:birch_sapling":21,"minecraft:furnace":7,"minecraft:oak_sapling":30,"minecraft:beetroot_seeds":11,"minecraft:potato":26,"minecraft:wheat_seeds":30,"minecraft:cooked_mutton":10,"minecraft:water_bucket":9,"minecraft:spruce_door":5,"minecraft:stone_pickaxe":357,"minecraft:baked_potato":1,"minecraft:oak_planks":284,"minecraft:wooden_pickaxe":24,"minecraft:cherry_planks":6,"minecraft:sand":3,"minecraft:crafting_table":17,"minecraft:white_bed":3,"minecraft:oak_log":40,"minecraft:wooden_hoe":44,"minecraft:apple":6,"minecraft:bread":10,"minecraft:iron_pickaxe":22,"minecraft:stone_slab":44,"minecraft:spruce_sapling":12,"minecraft:stone_axe":433,"minecraft:cobblestone":7,"minecraft:cooked_porkchop":4,"minecraft:bucket":9,"minecraft:glass_pane":53},"minecraft:killed":{"minecraft:spider":1,"minecraft:skeleton":4,"minecraft:chicken":1,"minecraft:pig":10,"minecraft:creeper":2,"minecraft:sheep":16,"minecraft:goat":1,"minecraft:zombie":2,"minecraft:cow":1},"minecraft:custom":{"minecraft:mob_kills":40,"minecraft:interact_with_crafting_table":74,"minecraft:leave_game":2,"minecraft:time_since_death":22119,"minecraft:sprint_one_cm":508180,"minecraft:walk_one_cm":618002,"minecraft:drop":15,"minecraft:play_time":237505,"minecraft:deaths":4,"minecraft:sneak_time":3348,"minecraft:walk_under_water_one_cm":16200,"minecraft:jump":2950,"minecraft:interact_with_blast_furnace":1,"minecraft:walk_on_water_one_cm":17365,"minecraft:total_world_time":237505,"minecraft:interact_with_furnace":59,"minecraft:sleep_in_bed":4,"minecraft:time_since_rest":22181,"minecraft:damage_taken":3123,"minecraft:damage_dealt":4767,"minecraft:swim_one_cm":3223,"minecraft:fly_one_cm":462890,"minecraft:player_kills":1,"minecraft:open_chest":67,"minecraft:crouch_one_cm":9721,"minecraft:fall_one_cm":107653},"minecraft:picked_up":{"minecraft:crafting_table":15,"minecraft:wheat":18,"minecraft:azure_bluet":29,"minecraft:chicken":1,"minecraft:stone_slab":44,"minecraft:oak_stairs":30,"minecraft:music_disc_cat":1,"minecraft:string":1,"minecraft:stone_stairs":8,"minecraft:raw_copper":111,"minecraft:glass_pane":1,"minecraft:beetroot":11,"minecraft:cobbled_deepslate":5,"minecraft:bucket":1,"minecraft:spruce_planks":11,"minecraft:beef":4,"minecraft:rose_bush":7,"minecraft:poppy":2,"minecraft:spruce_slab":8,"minecraft:light_gray_wool":1,"minecraft:chest":6,"minecraft:birch_sapling":29,"minecraft:furnace":6,"minecraft:raw_iron":12,"minecraft:stick":61,"minecraft:oak_fence":1,"minecraft:torch":32,"minecraft:spruce_stairs":14,"minecraft:spruce_fence":1,"minecraft:porkchop":17,"minecraft:cherry_log":19,"minecraft:pointed_dripstone":4,"minecraft:diorite":4,"minecraft:carrot":339,"minecraft:arrow":3,"minecraft:rotten_flesh":7,"minecraft:beetroot_seeds":32,"minecraft:red_tulip":1,"minecraft:mutton":22,"minecraft:white_wool":12,"minecraft:cobblestone":220,"minecraft:birch_log":64,"minecraft:feather":1,"minecraft:cherry_planks":1,"minecraft:brown_wool":1,"minecraft:leather":1,"minecraft:potato":99,"minecraft:tuff":2,"minecraft:oak_log":137,"minecraft:yellow_bed":1,"minecraft:gunpowder":2,"minecraft:dirt":735,"minecraft:bone":3,"minecraft:apple":7,"minecraft:wheat_seeds":77,"minecraft:oak_planks":79,"minecraft:oak_slab":1,"minecraft:gravel":2,"minecraft:sand":100,"minecraft:spruce_door":3,"minecraft:spruce_sapling":18,"minecraft:white_bed":3,"minecraft:spruce_log":45,"minecraft:spider_eye":1,"minecraft:mossy_cobblestone":1,"minecraft:diamond_shovel":1,"minecraft:cherry_sapling":13,"minecraft:golden_horse_armor":1,"minecraft:bread":11,"minecraft:emerald":2,"minecraft:baked_potato":1,"minecraft:oak_sapling":55,"minecraft:black_wool":3,"minecraft:coal":162},"minecraft:mined":{"minecraft:tuff":1,"minecraft:spruce_planks":11,"minecraft:white_bed":2,"minecraft:oak_sapling":2,"minecraft:farmland":2,"minecraft:mossy_cobblestone":1,"minecraft:cherry_sapling":1,"minecraft:glow_lichen":1,"minecraft:spruce_fence":1,"minecraft:grass_block":575,"minecraft:spruce_leaves":21,"minecraft:spruce_sapling":2,"minecraft:carrots":104,"minecraft:furnace":6,"minecraft:cobbled_deepslate":2,"minecraft:iron_ore":12,"minecraft:peony":4,"minecraft:azure_bluet":31,"minecraft:potatoes":28,"minecraft:pointed_dripstone":2,"minecraft:rail":1,"minecraft:oak_stairs":30,"minecraft:stone":148,"minecraft:spruce_slab":6,"minecraft:cherry_planks":1,"minecraft:glass_pane":6,"minecraft:spruce_door":3,"minecraft:powder_snow":13,"minecraft:oak_fence":1,"minecraft:crafting_table":15,"minecraft:torch":16,"minecraft:emerald_ore":2,"minecraft:chest":6,"minecraft:rose_bush":8,"minecraft:stone_slab":10,"minecraft:copper_ore":33,"minecraft:tall_grass":28,"minecraft:cobblestone":31,"minecraft:oak_planks":81,"minecraft:wall_torch":16,"minecraft:spruce_stairs":14,"minecraft:birch_sapling":5,"minecraft:stone_stairs":8,"minecraft:birch_log":62,"minecraft:wheat":18,"minecraft:yellow_bed":1,"minecraft:spruce_log":32,"minecraft:birch_leaves":3,"minecraft:bee_nest":1,"minecraft:grass":198,"minecraft:coal_ore":90,"minecraft:oak_log":136,"minecraft:beetroots":11,"minecraft:cherry_leaves":2,"minecraft:gravel":2,"minecraft:sand":100,"minecraft:dripstone_block":2,"minecraft:dirt":242,"minecraft:oak_leaves":114},"minecraft:killed_by":{"minecraft:player":1,"minecraft:skeleton":2,"minecraft:zombie":1},"minecraft:crafted":{"minecraft:cherry_planks":180,"minecraft:oak_planks":276,"minecraft:stone_shovel":5,"minecraft:iron_nugget":18,"minecraft:cooked_chicken":1,"minecraft:furnace":4,"minecraft:stone":76,"minecraft:spruce_fence":24,"minecraft:cooked_mutton":19,"minecraft:glass_pane":80,"minecraft:stone_stairs":16,"minecraft:glass":87,"minecraft:lantern":2,"minecraft:spruce_stairs":56,"minecraft:spruce_slab":120,"minecraft:stone_pickaxe":4,"minecraft:chest":8,"minecraft:wooden_shovel":3,"minecraft:cooked_porkchop":7,"minecraft:crafting_table":8,"minecraft:spruce_planks":268,"minecraft:baked_potato":128,"minecraft:wooden_pickaxe":2,"minecraft:iron_helmet":1,"minecraft:spruce_door":3,"minecraft:bucket":1,"minecraft:birch_planks":36,"minecraft:stone_axe":5,"minecraft:air":0,"minecraft:wooden_hoe":1,"minecraft:stick":52,"minecraft:stone_slab":66,"minecraft:wooden_axe":3,"minecraft:iron_ingot":17,"minecraft:iron_pickaxe":1,"minecraft:oak_stairs":12,"minecraft:white_bed":2,"minecraft:torch":40},"minecraft:broken":{"minecraft:wooden_shovel":3,"minecraft:stone_pickaxe":2,"minecraft:stone_axe":2,"minecraft:wooden_axe":1,"minecraft:stone_shovel":4}},"DataVersion":3463}