{"stats":{"minecraft:used":{"minecraft:birch_log":2},"minecraft:dropped":{"minecraft:wheat_seeds":7,"minecraft:cooked_porkchop":3,"minecraft:birch_sapling":2},"minecraft:picked_up":{"minecraft:birch_log":5,"minecraft:wheat":3,"minecraft:crafting_table":1,"minecraft:cooked_porkchop":3,"minecraft:wheat_seeds":7,"minecraft:potato":21,"minecraft:carrot":16,"minecraft:oak_sapling":1,"minecraft:birch_sapling":3,"minecraft:dirt":1},"minecraft:custom":{"minecraft:time_since_rest":5518,"minecraft:crouch_one_cm":113,"minecraft:play_time":44628,"minecraft:sprint_one_cm":46114,"minecraft:deaths":1,"minecraft:damage_taken":271,"minecraft:walk_one_cm":72312,"minecraft:sneak_time":203,"minecraft:drop":6,"minecraft:jump":117,"minecraft:damage_dealt":97,"minecraft:leave_game":6,"minecraft:time_since_death":5479,"minecraft:sleep_in_bed":1,"minecraft:total_world_time":44628,"minecraft:fall_one_cm":747,"minecraft:fly_one_cm":4515},"minecraft:mined":{"minecraft:grass":9,"minecraft:potatoes":5,"minecraft:grass_block":1,"minecraft:carrots":8,"minecraft:birch_log":7,"minecraft:wheat":3,"minecraft:birch_leaves":1},"minecraft:killed_by":{"minecraft:player":1}},"DataVersion":3463}