{"stats":{"minecraft:used":{"minecraft:flint_and_steel":2,"minecraft:chest":2,"minecraft:shield":44,"minecraft:iron_sword":60,"minecraft:cooked_chicken":14,"minecraft:torch":16,"minecraft:dirt":7,"minecraft:tuff":15,"minecraft:wooden_axe":47,"minecraft:iron_axe":83,"minecraft:smooth_basalt":2,"minecraft:furnace":8,"minecraft:cooked_beef":3,"minecraft:cobbled_deepslate":168,"minecraft:cooked_mutton":5,"minecraft:diorite":5,"minecraft:stone_pickaxe":1445,"minecraft:birch_boat":1,"minecraft:wooden_pickaxe":2,"minecraft:glow_berries":1,"minecraft:crafting_table":8,"minecraft:diamond_pickaxe":29,"minecraft:diamond_shovel":58,"minecraft:iron_pickaxe":249,"minecraft:stone_axe":71,"minecraft:cobblestone":92,"minecraft:cooked_porkchop":4,"minecraft:oak_boat":1},"minecraft:dropped":{"minecraft:iron_sword":1,"minecraft:birch_planks":1,"minecraft:wheat_seeds":2,"minecraft:cobblestone":107,"minecraft:feather":13,"minecraft:dirt":5,"minecraft:diorite":12,"minecraft:sunflower":1,"minecraft:gravel":13,"minecraft:iron_nugget":4,"minecraft:cobbled_deepslate":132,"minecraft:birch_sapling":2,"minecraft:pointed_dripstone":14,"minecraft:oak_planks":1,"minecraft:azure_bluet":1,"minecraft:andesite":2,"minecraft:oak_sapling":6,"minecraft:stone_pickaxe":1,"minecraft:wooden_pickaxe":1,"minecraft:egg":1},"minecraft:killed":{"minecraft:spider":3,"minecraft:skeleton":8,"minecraft:chicken":24,"minecraft:pig":6,"minecraft:sheep":10,"minecraft:zombie":5,"minecraft:cow":1},"minecraft:custom":{"minecraft:mob_kills":59,"minecraft:interact_with_crafting_table":24,"minecraft:leave_game":2,"minecraft:time_since_death":107510,"minecraft:sprint_one_cm":200705,"minecraft:walk_one_cm":412959,"minecraft:damage_blocked_by_shield":2170,"minecraft:drop":27,"minecraft:play_time":165396,"minecraft:deaths":3,"minecraft:sneak_time":3808,"minecraft:walk_under_water_one_cm":10075,"minecraft:boat_one_cm":33345,"minecraft:jump":2017,"minecraft:walk_on_water_one_cm":31792,"minecraft:total_world_time":165396,"minecraft:interact_with_furnace":106,"minecraft:time_since_rest":107539,"minecraft:damage_taken":2578,"minecraft:damage_dealt":6132,"minecraft:swim_one_cm":26207,"minecraft:fly_one_cm":231214,"minecraft:player_kills":1,"minecraft:open_chest":15,"minecraft:crouch_one_cm":11656,"minecraft:fall_one_cm":55459},"minecraft:picked_up":{"minecraft:crafting_table":4,"minecraft:iron_chestplate":2,"minecraft:azure_bluet":1,"minecraft:chicken":23,"minecraft:gold_block":2,"minecraft:stone_brick_stairs":3,"minecraft:shield":1,"minecraft:amethyst_block":9,"minecraft:string":1,"minecraft:raw_copper":19,"minecraft:cobbled_deepslate":881,"minecraft:beef":3,"minecraft:oak_boat":1,"minecraft:calcite":8,"minecraft:iron_nugget":4,"minecraft:sugar_cane":3,"minecraft:birch_sapling":2,"minecraft:egg":1,"minecraft:furnace":3,"minecraft:raw_iron":32,"minecraft:torch":2,"minecraft:porkchop":14,"minecraft:pointed_dripstone":21,"minecraft:diorite":19,"minecraft:redstone":64,"minecraft:rotten_flesh":3,"minecraft:arrow":5,"minecraft:mutton":13,"minecraft:obsidian":7,"minecraft:white_wool":9,"minecraft:cobblestone":329,"minecraft:birch_log":25,"minecraft:feather":19,"minecraft:andesite":2,"minecraft:birch_planks":1,"minecraft:flint":5,"minecraft:tuff":15,"minecraft:oak_log":70,"minecraft:lapis_lazuli":26,"minecraft:dirt":22,"minecraft:bone":7,"minecraft:apple":1,"minecraft:stone_bricks":2,"minecraft:bow":1,"minecraft:wheat_seeds":2,"minecraft:raw_gold":10,"minecraft:stone_pickaxe":3,"minecraft:mossy_stone_brick_stairs":1,"minecraft:iron_sword":1,"minecraft:smooth_basalt":5,"minecraft:pumpkin":2,"minecraft:gravel":60,"minecraft:amethyst_shard":6,"minecraft:diamond_shovel":2,"minecraft:diamond":37,"minecraft:chainmail_leggings":1,"minecraft:chainmail_helmet":1,"minecraft:oak_sapling":8,"minecraft:coal":32,"minecraft:sunflower":1},"minecraft:mined":{"minecraft:large_amethyst_bud":1,"minecraft:tuff":19,"minecraft:deepslate_diamond_ore":38,"minecraft:obsidian":8,"minecraft:glow_lichen":2,"minecraft:budding_amethyst":1,"minecraft:grass_block":6,"minecraft:furnace":3,"minecraft:iron_ore":27,"minecraft:cobbled_deepslate":4,"minecraft:andesite":3,"minecraft:pumpkin":2,"minecraft:deepslate_lapis_ore":3,"minecraft:gold_block":2,"minecraft:mossy_stone_brick_stairs":1,"minecraft:pointed_dripstone":10,"minecraft:deepslate_iron_ore":6,"minecraft:stone":326,"minecraft:deepslate_redstone_ore":17,"minecraft:amethyst_cluster":3,"minecraft:crafting_table":4,"minecraft:calcite":12,"minecraft:tall_grass":3,"minecraft:copper_ore":6,"minecraft:cobblestone":2,"minecraft:deepslate_gold_ore":12,"minecraft:sugar_cane":1,"minecraft:diorite":19,"minecraft:wall_torch":2,"minecraft:amethyst_block":20,"minecraft:seagrass":2,"minecraft:birch_log":26,"minecraft:birch_leaves":1,"minecraft:stone_brick_stairs":3,"minecraft:grass":20,"minecraft:oak_log":70,"minecraft:coal_ore":30,"minecraft:dirt":7,"minecraft:sunflower":1,"minecraft:gravel":69,"minecraft:dripstone_block":3,"minecraft:smooth_basalt":7,"minecraft:stone_bricks":2,"minecraft:oak_leaves":8,"minecraft:deepslate":1106},"minecraft:killed_by":{"minecraft:player":2},"minecraft:crafted":{"minecraft:oak_planks":20,"minecraft:birch_boat":1,"minecraft:cooked_chicken":23,"minecraft:furnace":5,"minecraft:cooked_mutton":13,"minecraft:flint_and_steel":1,"minecraft:iron_axe":1,"minecraft:stone_pickaxe":10,"minecraft:chest":2,"minecraft:cooked_beef":3,"minecraft:cooked_porkchop":14,"minecraft:crafting_table":4,"minecraft:wooden_pickaxe":1,"minecraft:iron_sword":1,"minecraft:birch_planks":56,"minecraft:stone_axe":1,"minecraft:air":0,"minecraft:oak_boat":1,"minecraft:diamond_pickaxe":1,"minecraft:stick":52,"minecraft:iron_pickaxe":2,"minecraft:iron_ingot":33,"minecraft:wooden_axe":1,"minecraft:gold_ingot":21,"minecraft:torch":8},"minecraft:broken":{"minecraft:stone_pickaxe":10,"minecraft:stone_axe":1,"minecraft:wooden_axe":1}},"DataVersion":3463}