{"stats":{"minecraft:dropped":{"minecraft:wheat_seeds":2,"minecraft:dirt":1,"minecraft:torch":1,"minecraft:stone_pickaxe":1},"minecraft:used":{"minecraft:cooked_mutton":8,"minecraft:cherry_sapling":2,"minecraft:stone_sword":120,"minecraft:stone_pickaxe":395,"minecraft:baked_potato":1,"minecraft:chest":2,"minecraft:wooden_pickaxe":61,"minecraft:iron_sword":107,"minecraft:wooden_shovel":42,"minecraft:torch":79,"minecraft:dirt":21,"minecraft:crafting_table":1,"minecraft:carrot":22,"minecraft:white_bed":2,"minecraft:wooden_axe":70,"minecraft:gravel":4,"minecraft:cobblestone":3,"minecraft:oak_sapling":1,"minecraft:furnace":1},"minecraft:killed":{"minecraft:pig":1,"minecraft:spider":3,"minecraft:sheep":6,"minecraft:skeleton":3,"minecraft:zombie":16,"minecraft:cow":4},"minecraft:custom":{"minecraft:interact_with_furnace":17,"minecraft:mob_kills":33,"minecraft:interact_with_crafting_table":23,"minecraft:leave_game":2,"minecraft:time_since_death":18987,"minecraft:sleep_in_bed":4,"minecraft:climb_one_cm":3352,"minecraft:time_since_rest":15822,"minecraft:sprint_one_cm":99371,"minecraft:damage_taken":2534,"minecraft:walk_one_cm":490184,"minecraft:drop":5,"minecraft:damage_dealt":5015,"minecraft:fly_one_cm":14946,"minecraft:open_chest":17,"minecraft:crouch_one_cm":303,"minecraft:play_time":127588,"minecraft:deaths":6,"minecraft:sneak_time":162,"minecraft:walk_under_water_one_cm":3854,"minecraft:jump":1385,"minecraft:interact_with_blast_furnace":1,"minecraft:walk_on_water_one_cm":3462,"minecraft:total_world_time":127588,"minecraft:fall_one_cm":34897,"minecraft:horse_one_cm":790761},"minecraft:picked_up":{"minecraft:birch_log":20,"minecraft:andesite":1,"minecraft:leather":5,"minecraft:potato":1,"minecraft:flint":4,"minecraft:oak_log":23,"minecraft:string":2,"minecraft:dirt":41,"minecraft:raw_copper":21,"minecraft:bone":4,"minecraft:wheat_seeds":2,"minecraft:beef":9,"minecraft:stone_pickaxe":1,"minecraft:stick":4,"minecraft:raw_iron":22,"minecraft:torch":18,"minecraft:porkchop":1,"minecraft:dripstone_block":3,"minecraft:gravel":69,"minecraft:pointed_dripstone":15,"minecraft:white_bed":1,"minecraft:carrot":39,"minecraft:arrow":3,"minecraft:rotten_flesh":19,"minecraft:cherry_sapling":2,"minecraft:oak_sapling":1,"minecraft:mutton":8,"minecraft:coal":35,"minecraft:white_wool":6,"minecraft:cobblestone":295},"minecraft:mined":{"minecraft:white_bed":1,"minecraft:torch":8,"minecraft:grass_block":12,"minecraft:cobblestone":1,"minecraft:tall_grass":4,"minecraft:copper_ore":6,"minecraft:wall_torch":8,"minecraft:carrots":12,"minecraft:birch_log":20,"minecraft:iron_ore":22,"minecraft:andesite":1,"minecraft:birch_leaves":1,"minecraft:grass":17,"minecraft:pointed_dripstone":16,"minecraft:oak_log":26,"minecraft:potatoes":1,"minecraft:coal_ore":35,"minecraft:dripstone_block":4,"minecraft:gravel":60,"minecraft:dirt":13,"minecraft:stone":298,"minecraft:oak_leaves":14},"minecraft:killed_by":{"minecraft:player":1,"minecraft:zombie":5},"minecraft:crafted":{"minecraft:oak_planks":48,"minecraft:wooden_shovel":1,"minecraft:crafting_table":1,"minecraft:wooden_pickaxe":1,"minecraft:baked_potato":1,"minecraft:iron_sword":1,"minecraft:furnace":1,"minecraft:birch_planks":16,"minecraft:cooked_mutton":8,"minecraft:charcoal":6,"minecraft:stick":52,"minecraft:iron_ingot":26,"minecraft:iron_pickaxe":1,"minecraft:stone_pickaxe":8,"minecraft:wooden_axe":2,"minecraft:stone_sword":1,"minecraft:chest":2,"minecraft:white_bed":1,"minecraft:torch":76},"minecraft:broken":{"minecraft:stone_pickaxe":3,"minecraft:wooden_axe":1,"minecraft:wooden_pickaxe":1}},"DataVersion":3463}