{"stats":{"minecraft:used":{"minecraft:peony":3,"minecraft:cherry_sapling":9,"minecraft:stone_sword":255,"minecraft:stone_shovel":23,"minecraft:chest":6,"minecraft:cooked_chicken":2,"minecraft:torch":26,"minecraft:dirt":137,"minecraft:carrot":207,"minecraft:birch_door":2,"minecraft:iron_axe":153,"minecraft:beef":7,"minecraft:furnace":5,"minecraft:oak_sapling":58,"minecraft:cooked_beef":12,"minecraft:potato":112,"minecraft:cherry_log":1,"minecraft:wheat_seeds":44,"minecraft:cooked_mutton":1,"minecraft:water_bucket":17,"minecraft:stone_pickaxe":432,"minecraft:oak_planks":20,"minecraft:wooden_pickaxe":14,"minecraft:crafting_table":2,"minecraft:blast_furnace":1,"minecraft:white_bed":7,"minecraft:spruce_log":9,"minecraft:wooden_hoe":59,"minecraft:diamond_shovel":95,"minecraft:bread":1,"minecraft:spruce_sapling":8,"minecraft:gravel":4,"minecraft:stone_axe":300,"minecraft:cobblestone":97,"minecraft:porkchop":9,"minecraft:andesite":2,"minecraft:bucket":18,"minecraft:yellow_bed":2},"minecraft:dropped":{"minecraft:water_bucket":1,"minecraft:bread":10,"minecraft:wheat_seeds":13,"minecraft:cherry_log":19,"minecraft:cooked_beef":1,"minecraft:oak_log":128,"minecraft:cooked_porkchop":3,"minecraft:cobblestone":28,"minecraft:coal":63,"minecraft:flint":1,"minecraft:dirt":1,"minecraft:torch":1,"minecraft:bucket":1,"minecraft:stone_sword":1,"minecraft:pointed_dripstone":3,"minecraft:rotten_flesh":2,"minecraft:diamond_shovel":2,"minecraft:white_bed":2,"minecraft:poppy":2,"minecraft:peony":3,"minecraft:iron_chestplate":1,"minecraft:spruce_log":41,"minecraft:stone_pickaxe":3},"minecraft:killed":{"minecraft:spider":1,"minecraft:skeleton":3,"minecraft:chicken":6,"minecraft:pig":11,"minecraft:sheep":8,"minecraft:zombie":2,"minecraft:cow":11},"minecraft:custom":{"minecraft:mob_kills":43,"minecraft:animals_bred":3,"minecraft:interact_with_crafting_table":36,"minecraft:leave_game":4,"minecraft:time_since_death":251027,"minecraft:climb_one_cm":1416,"minecraft:sprint_one_cm":829293,"minecraft:walk_one_cm":920069,"minecraft:drop":42,"minecraft:talked_to_villager":4,"minecraft:play_time":251027,"minecraft:sneak_time":792,"minecraft:walk_under_water_one_cm":1601,"minecraft:jump":3364,"minecraft:interact_with_blast_furnace":1,"minecraft:walk_on_water_one_cm":10085,"minecraft:total_world_time":251027,"minecraft:interact_with_furnace":33,"minecraft:sleep_in_bed":13,"minecraft:time_since_rest":4271,"minecraft:damage_taken":1458,"minecraft:damage_dealt":4119,"minecraft:fly_one_cm":424540,"minecraft:player_kills":1,"minecraft:open_chest":43,"minecraft:crouch_one_cm":1655,"minecraft:fall_one_cm":67303},"minecraft:picked_up":{"minecraft:birch_door":3,"minecraft:crafting_table":1,"minecraft:iron_chestplate":2,"minecraft:wheat":39,"minecraft:azure_bluet":3,"minecraft:chicken":6,"minecraft:stone_slab":1,"minecraft:brewing_stand":3,"minecraft:shield":1,"minecraft:raw_copper":1,"minecraft:iron_axe":4,"minecraft:cobbled_deepslate":12,"minecraft:bucket":1,"minecraft:beef":21,"minecraft:rose_bush":1,"minecraft:poppy":4,"minecraft:chest":2,"minecraft:birch_sapling":6,"minecraft:egg":1,"minecraft:furnace":3,"minecraft:stick":113,"minecraft:raw_iron":18,"minecraft:oak_fence":1,"minecraft:torch":3,"minecraft:porkchop":22,"minecraft:cherry_log":195,"minecraft:pointed_dripstone":4,"minecraft:diorite":1,"minecraft:carrot":529,"minecraft:stone_sword":2,"minecraft:arrow":16,"minecraft:rotten_flesh":8,"minecraft:peony":6,"minecraft:diamond_boots":1,"minecraft:hay_block":5,"minecraft:mutton":13,"minecraft:cobblestone":240,"minecraft:white_wool":8,"minecraft:rail":5,"minecraft:birch_log":6,"minecraft:pink_petals":3,"minecraft:feather":7,"minecraft:cooked_beef":1,"minecraft:water_bucket":1,"minecraft:andesite":16,"minecraft:leather":9,"minecraft:potato":291,"minecraft:flint":4,"minecraft:oak_log":146,"minecraft:yellow_bed":2,"minecraft:dirt":199,"minecraft:bone":7,"minecraft:apple":4,"minecraft:bow":4,"minecraft:wheat_seeds":161,"minecraft:stone_pickaxe":13,"minecraft:iron_ingot":2,"minecraft:cooked_chicken":2,"minecraft:cooked_porkchop":12,"minecraft:gravel":13,"minecraft:poisonous_potato":1,"minecraft:dripstone_block":3,"minecraft:spruce_sapling":13,"minecraft:blast_furnace":1,"minecraft:spruce_log":77,"minecraft:white_bed":7,"minecraft:diamond_shovel":4,"minecraft:chainmail_leggings":1,"minecraft:cherry_sapling":80,"minecraft:chainmail_helmet":1,"minecraft:bread":10,"minecraft:oak_sapling":71,"minecraft:coal":219},"minecraft:mined":{"minecraft:tuff":1,"minecraft:white_bed":6,"minecraft:oak_sapling":3,"minecraft:cherry_log":196,"minecraft:cherry_sapling":3,"minecraft:brewing_stand":3,"minecraft:granite":1,"minecraft:grass_block":102,"minecraft:brown_wool":1,"minecraft:spruce_leaves":17,"minecraft:hay_block":5,"minecraft:furnace":3,"minecraft:carrots":142,"minecraft:iron_ore":18,"minecraft:cobbled_deepslate":15,"minecraft:andesite":16,"minecraft:peony":5,"minecraft:azure_bluet":1,"minecraft:pointed_dripstone":1,"minecraft:potatoes":78,"minecraft:dirt_path":2,"minecraft:rail":4,"minecraft:stone":239,"minecraft:powder_snow":31,"minecraft:crafting_table":1,"minecraft:torch":1,"minecraft:blast_furnace":1,"minecraft:chest":2,"minecraft:rose_bush":1,"minecraft:tall_grass":80,"minecraft:cobblestone":20,"minecraft:diorite":1,"minecraft:birch_log":6,"minecraft:wheat":40,"minecraft:spruce_log":51,"minecraft:birch_leaves":9,"minecraft:birch_door":2,"minecraft:yellow_bed":2,"minecraft:grass":412,"minecraft:coal_ore":120,"minecraft:oak_log":148,"minecraft:cherry_leaves":22,"minecraft:gravel":16,"minecraft:dripstone_block":1,"minecraft:dirt":91,"minecraft:oak_leaves":61},"minecraft:crafted":{"minecraft:oak_planks":72,"minecraft:stone_shovel":1,"minecraft:cooked_chicken":6,"minecraft:furnace":2,"minecraft:cooked_mutton":6,"minecraft:stone_pickaxe":6,"minecraft:chest":4,"minecraft:birch_door":3,"minecraft:wheat":63,"minecraft:cooked_beef":14,"minecraft:cooked_porkchop":9,"minecraft:crafting_table":1,"minecraft:wooden_pickaxe":1,"minecraft:bucket":1,"minecraft:hay_block":2,"minecraft:birch_planks":24,"minecraft:stone_axe":3,"minecraft:bread":21,"minecraft:air":0,"minecraft:wooden_hoe":1,"minecraft:stick":12,"minecraft:iron_ingot":5,"minecraft:stone_sword":2,"minecraft:white_bed":2,"minecraft:torch":24},"minecraft:broken":{"minecraft:stone_sword":1,"minecraft:stone_pickaxe":3,"minecraft:stone_axe":2}},"DataVersion":3463}