{"stats":{"minecraft:used":{"minecraft:stone_sword":117,"minecraft:flint_and_steel":1,"minecraft:chest":3,"minecraft:torch":9,"minecraft:dirt":11,"minecraft:mutton":13,"minecraft:carrot":25,"minecraft:allium":5,"minecraft:tuff":2,"minecraft:granite":1,"minecraft:iron_axe":90,"minecraft:oak_sapling":4,"minecraft:furnace":3,"minecraft:egg":1,"minecraft:cobbled_deepslate":17,"minecraft:pointed_dripstone":8,"minecraft:birch_planks":13,"minecraft:stone_pickaxe":488,"minecraft:oak_planks":26,"minecraft:wooden_pickaxe":29,"minecraft:diamond_axe":37,"minecraft:rail":5,"minecraft:crafting_table":13,"minecraft:dripstone_block":3,"minecraft:apple":1,"minecraft:chicken":2,"minecraft:bread":43,"minecraft:brown_wool":1,"minecraft:iron_pickaxe":314,"minecraft:cobblestone":224,"minecraft:golden_pickaxe":61},"minecraft:dropped":{"minecraft:iron_ingot":3,"minecraft:bread":4,"minecraft:crafting_table":1,"minecraft:cobblestone":4,"minecraft:dirt":8,"minecraft:iron_axe":1,"minecraft:iron_pickaxe":1,"minecraft:gravel":3,"minecraft:stone_sword":1,"minecraft:cobbled_deepslate":101,"minecraft:cocoa_beans":29,"minecraft:birch_sapling":2,"minecraft:rotten_flesh":3,"minecraft:oak_planks":1,"minecraft:deepslate_bricks":128,"minecraft:poppy":2,"minecraft:allium":6,"minecraft:peony":1,"minecraft:pink_wool":1,"minecraft:wooden_pickaxe":1,"minecraft:stone_pickaxe":1,"minecraft:red_tulip":1},"minecraft:killed":{"minecraft:skeleton":4,"minecraft:bee":1,"minecraft:chicken":2,"minecraft:pig":4,"minecraft:creeper":2,"minecraft:sheep":17,"minecraft:zombie":6,"minecraft:cow":6},"minecraft:custom":{"minecraft:mob_kills":42,"minecraft:interact_with_crafting_table":25,"minecraft:leave_game":2,"minecraft:time_since_death":594,"minecraft:climb_one_cm":3849,"minecraft:sprint_one_cm":623906,"minecraft:walk_one_cm":557344,"minecraft:drop":42,"minecraft:talked_to_villager":1,"minecraft:play_time":238673,"minecraft:deaths":17,"minecraft:sneak_time":5803,"minecraft:walk_under_water_one_cm":39526,"minecraft:jump":6090,"minecraft:walk_on_water_one_cm":26911,"minecraft:total_world_time":238673,"minecraft:interact_with_furnace":44,"minecraft:sleep_in_bed":1,"minecraft:time_since_rest":617,"minecraft:damage_taken":6629,"minecraft:damage_dealt":6109,"minecraft:player_kills":1,"minecraft:fly_one_cm":1092257,"minecraft:open_chest":45,"minecraft:crouch_one_cm":18357,"minecraft:fall_one_cm":259179,"minecraft:horse_one_cm":6656},"minecraft:picked_up":{"minecraft:iron_chestplate":1,"minecraft:cocoa_beans":29,"minecraft:crafting_table":13,"minecraft:allium":11,"minecraft:chicken":3,"minecraft:lead":10,"minecraft:pink_wool":1,"minecraft:gold_block":1,"minecraft:shield":1,"minecraft:amethyst_block":15,"minecraft:raw_copper":96,"minecraft:iron_axe":1,"minecraft:iron_shovel":1,"minecraft:cobbled_deepslate":118,"minecraft:beef":10,"minecraft:calcite":1,"minecraft:poppy":2,"minecraft:iron_pickaxe":1,"minecraft:melon_slice":52,"minecraft:sugar_cane":11,"minecraft:chest":3,"minecraft:birch_sapling":2,"minecraft:iron_boots":1,"minecraft:furnace":5,"minecraft:egg":1,"minecraft:stick":10,"minecraft:raw_iron":40,"minecraft:torch":38,"minecraft:porkchop":7,"minecraft:pointed_dripstone":11,"minecraft:carrot":39,"minecraft:stone_sword":1,"minecraft:arrow":7,"minecraft:rotten_flesh":7,"minecraft:peony":1,"minecraft:deepslate_bricks":129,"minecraft:diamond_boots":1,"minecraft:hay_block":24,"minecraft:red_tulip":1,"minecraft:mutton":26,"minecraft:rail":5,"minecraft:white_wool":21,"minecraft:cobblestone":384,"minecraft:birch_log":30,"minecraft:magma_block":13,"minecraft:feather":3,"minecraft:andesite":4,"minecraft:brown_wool":1,"minecraft:leather":5,"minecraft:potato":26,"minecraft:birch_planks":2,"minecraft:tuff":2,"minecraft:oak_log":65,"minecraft:gunpowder":3,"minecraft:dirt":40,"minecraft:bone":2,"minecraft:apple":1,"minecraft:wheat_seeds":17,"minecraft:raw_gold":1,"minecraft:iron_ingot":7,"minecraft:stone_pickaxe":1,"minecraft:bamboo":53,"minecraft:oak_planks":2,"minecraft:oak_slab":2,"minecraft:pumpkin":1,"minecraft:dripstone_block":8,"minecraft:gravel":3,"minecraft:amethyst_shard":12,"minecraft:diamond_shovel":2,"minecraft:diamond":11,"minecraft:chainmail_leggings":1,"minecraft:iron_helmet":1,"minecraft:granite":10,"minecraft:diamond_axe":1,"minecraft:bread":3,"minecraft:oak_sapling":20,"minecraft:coal":110},"minecraft:mined":{"minecraft:large_amethyst_bud":1,"minecraft:tuff":2,"minecraft:oak_sapling":8,"minecraft:dark_oak_leaves":4,"minecraft:jungle_leaves":1,"minecraft:glow_lichen":2,"minecraft:granite":10,"minecraft:allium":5,"minecraft:grass_block":28,"minecraft:deepslate_bricks":1,"minecraft:hay_block":24,"minecraft:magma_block":13,"minecraft:furnace":5,"minecraft:carrots":9,"minecraft:iron_ore":40,"minecraft:fire":1,"minecraft:andesite":19,"minecraft:pumpkin":1,"minecraft:gold_block":1,"minecraft:red_tulip":1,"minecraft:potatoes":6,"minecraft:pointed_dripstone":3,"minecraft:vine":2,"minecraft:bamboo":12,"minecraft:stone":328,"minecraft:amethyst_cluster":3,"minecraft:powder_snow":17,"minecraft:crafting_table":12,"minecraft:torch":2,"minecraft:calcite":1,"minecraft:melon":11,"minecraft:chest":3,"minecraft:cobblestone":58,"minecraft:tall_grass":8,"minecraft:copper_ore":26,"minecraft:sugar_cane":5,"minecraft:oak_planks":1,"minecraft:diorite":17,"minecraft:wall_torch":1,"minecraft:amethyst_block":15,"minecraft:birch_log":32,"minecraft:birch_leaves":6,"minecraft:bee_nest":1,"minecraft:grass":18,"minecraft:coal_ore":84,"minecraft:oak_log":65,"minecraft:cocoa":10,"minecraft:gravel":6,"minecraft:dripstone_block":8,"minecraft:dirt":3,"minecraft:gold_ore":1,"minecraft:deepslate":120,"minecraft:infested_stone":1,"minecraft:oak_leaves":13,"minecraft:fern":2},"minecraft:killed_by":{"minecraft:player":2,"minecraft:enderman":1,"minecraft:skeleton":3,"minecraft:zombie":2},"minecraft:crafted":{"minecraft:oak_planks":132,"minecraft:golden_chestplate":1,"minecraft:iron_axe":2,"minecraft:stone_pickaxe":6,"minecraft:chest":2,"minecraft:wheat":216,"minecraft:crafting_table":3,"minecraft:wooden_pickaxe":2,"minecraft:iron_helmet":1,"minecraft:copper_ingot":6,"minecraft:birch_planks":28,"minecraft:bread":48,"minecraft:stick":52,"minecraft:iron_ingot":49,"minecraft:iron_pickaxe":4,"minecraft:stone_sword":1,"minecraft:gold_ingot":9,"minecraft:torch":60},"minecraft:broken":{"minecraft:stone_sword":1,"minecraft:stone_pickaxe":2,"minecraft:iron_pickaxe":1,"minecraft:golden_pickaxe":2}},"DataVersion":3463}