{"stats":{"minecraft:dropped":{"minecraft:porkchop":6,"minecraft:wheat_seeds":4,"minecraft:diamond_axe":1,"minecraft:cooked_beef":2,"minecraft:diamond":10,"minecraft:iron_helmet":1,"minecraft:cobblestone":67,"minecraft:leather":7,"minecraft:granite":1,"minecraft:chainmail_helmet":2,"minecraft:stick":17,"minecraft:emerald":6,"minecraft:dirt":8,"minecraft:torch":35,"minecraft:iron_axe":3,"minecraft:iron_pickaxe":1,"minecraft:iron_shovel":1,"minecraft:chainmail_leggings":4,"minecraft:bone":3,"minecraft:rotten_flesh":2,"minecraft:iron_boots":1,"minecraft:oak_planks":19,"minecraft:diamond_shovel":5,"minecraft:carrot":21,"minecraft:deepslate_bricks":128,"minecraft:poppy":2,"minecraft:shield":3,"minecraft:iron_chestplate":4,"minecraft:diamond_boots":2,"minecraft:bow":1,"minecraft:magenta_dye":1,"minecraft:stone_pickaxe":12},"minecraft:used":{"minecraft:cherry_sapling":3,"minecraft:peony":4,"minecraft:enchanting_table":7,"minecraft:chiseled_deepslate":1,"minecraft:polished_deepslate":142,"minecraft:iron_shovel":117,"minecraft:ladder":32,"minecraft:spruce_planks":3,"minecraft:chest":40,"minecraft:stone":323,"minecraft:wither_skeleton_spawn_egg":1,"minecraft:stone_hoe":83,"minecraft:torch":80,"minecraft:dirt":125,"minecraft:anvil":2,"minecraft:carrot":27,"minecraft:stone_stairs":105,"minecraft:deepslate_brick_slab":12,"minecraft:tuff":1,"minecraft:oak_fence_gate":4,"minecraft:obsidian":17,"minecraft:glass":638,"minecraft:bookshelf":61,"minecraft:villager_spawn_egg":1,"minecraft:grass_block":5,"minecraft:iron_axe":175,"minecraft:spawner":1,"minecraft:beef":1,"minecraft:hay_block":17,"minecraft:deepslate_tile_stairs":1,"minecraft:furnace":13,"minecraft:oak_sapling":10,"minecraft:drowned_spawn_egg":5,"minecraft:cooked_beef":25,"minecraft:potato":11,"minecraft:cobbled_deepslate":19,"minecraft:water_bucket":43,"minecraft:stone_pickaxe":2,"minecraft:oak_planks":169,"minecraft:wooden_pickaxe":7,"minecraft:sugar_cane":16,"minecraft:cauldron":2,"minecraft:stonecutter":1,"minecraft:diamond_axe":113,"minecraft:fletching_table":4,"minecraft:deepslate_bricks":1538,"minecraft:diamond_block":4,"minecraft:oak_slab":38,"minecraft:crafting_table":4,"minecraft:blast_furnace":5,"minecraft:white_bed":8,"minecraft:deepslate_brick_stairs":358,"minecraft:deepslate_tile_wall":40,"minecraft:deepslate_tiles":1,"minecraft:oak_log":6,"minecraft:diamond_pickaxe":1031,"minecraft:cherry_hanging_sign":1,"minecraft:diamond_shovel":609,"minecraft:cherry_door":6,"minecraft:iron_pickaxe":439,"minecraft:stone_slab":31,"minecraft:cherry_sign":1,"minecraft:gravel":15,"minecraft:stone_axe":53,"minecraft:pink_petals":75,"minecraft:cobblestone":46,"minecraft:porkchop":4,"minecraft:smithing_table":7,"minecraft:bucket":44,"minecraft:piglin_spawn_egg":1,"minecraft:glass_pane":16,"minecraft:yellow_bed":4,"minecraft:smooth_stone":130},"minecraft:killed":{"minecraft:horse":1,"minecraft:skeleton":1,"minecraft:wolf":4,"minecraft:pig":8,"minecraft:iron_golem":9,"minecraft:wandering_trader":1,"minecraft:creeper":1,"minecraft:sheep":3,"minecraft:trader_llama":2,"minecraft:zombie":3,"minecraft:cow":5},"minecraft:custom":{"minecraft:interact_with_smithing_table":1,"minecraft:mob_kills":39,"minecraft:interact_with_anvil":10,"minecraft:animals_bred":1,"minecraft:interact_with_crafting_table":28,"minecraft:bell_ring":18,"minecraft:leave_game":14,"minecraft:time_since_death":335994,"minecraft:climb_one_cm":8379,"minecraft:sprint_one_cm":405912,"minecraft:walk_one_cm":808999,"minecraft:drop":67,"minecraft:talked_to_villager":160,"minecraft:play_time":335994,"minecraft:sneak_time":17330,"minecraft:walk_under_water_one_cm":62140,"minecraft:jump":3468,"minecraft:interact_with_blast_furnace":11,"minecraft:walk_on_water_one_cm":32559,"minecraft:enchant_item":1,"minecraft:total_world_time":335994,"minecraft:interact_with_furnace":101,"minecraft:traded_with_villager":259,"minecraft:interact_with_stonecutter":11,"minecraft:sleep_in_bed":9,"minecraft:time_since_rest":31003,"minecraft:damage_taken":1314,"minecraft:damage_dealt":13388,"minecraft:swim_one_cm":33938,"minecraft:fly_one_cm":1126816,"minecraft:player_kills":3,"minecraft:open_chest":206,"minecraft:crouch_one_cm":67969,"minecraft:fall_one_cm":87641},"minecraft:picked_up":{"minecraft:wheat":7,"minecraft:crafting_table":1,"minecraft:stone_slab":4,"minecraft:allium":1,"minecraft:lead":1,"minecraft:anvil":2,"minecraft:yellow_wool":3,"minecraft:smithing_table":6,"minecraft:oak_stairs":1,"minecraft:gold_block":4,"minecraft:shield":1,"minecraft:amethyst_block":15,"minecraft:polished_deepslate":1,"minecraft:cornflower":5,"minecraft:stone_stairs":6,"minecraft:raw_copper":36,"minecraft:iron_shovel":2,"minecraft:cobbled_deepslate":404,"minecraft:spruce_planks":5,"minecraft:beef":14,"minecraft:rose_bush":1,"minecraft:poppy":11,"minecraft:sugar_cane":44,"minecraft:chest":12,"minecraft:raw_iron":29,"minecraft:stick":20,"minecraft:stone":128,"minecraft:oak_fence":5,"minecraft:torch":18,"minecraft:porkchop":10,"minecraft:cherry_log":45,"minecraft:carrot":92,"minecraft:deepslate_tile_stairs":33,"minecraft:redstone":166,"minecraft:dark_oak_planks":1,"minecraft:rotten_flesh":2,"minecraft:arrow":1,"minecraft:peony":4,"minecraft:deepslate_bricks":179,"minecraft:hay_block":39,"minecraft:red_tulip":6,"minecraft:deepslate_brick_stairs":44,"minecraft:obsidian":85,"minecraft:mutton":5,"minecraft:white_wool":6,"minecraft:cobblestone":1015,"minecraft:enchanting_table":1,"minecraft:pink_petals":459,"minecraft:magma_block":13,"minecraft:cherry_planks":10,"minecraft:leather":29,"minecraft:flint":4,"minecraft:tuff":9,"minecraft:oak_log":215,"minecraft:yellow_bed":3,"minecraft:cherry_door":5,"minecraft:dirt":713,"minecraft:lapis_lazuli":230,"minecraft:glass":123,"minecraft:bone":3,"minecraft:deepslate_brick_slab":4,"minecraft:stonecutter":2,"minecraft:bow":1,"minecraft:orange_tulip":14,"minecraft:wheat_seeds":17,"minecraft:raw_gold":45,"minecraft:iron_ingot":97,"minecraft:grindstone":2,"minecraft:fletching_table":2,"minecraft:oak_planks":48,"minecraft:dark_oak_stairs":1,"minecraft:oak_slab":17,"minecraft:gravel":20,"minecraft:sand":256,"minecraft:amethyst_shard":12,"minecraft:white_bed":7,"minecraft:diamond_shovel":7,"minecraft:deepslate":1,"minecraft:diamond":10,"minecraft:chainmail_leggings":1,"minecraft:granite":1,"minecraft:cherry_sapling":18,"minecraft:oak_sapling":16,"minecraft:coal":636},"minecraft:mined":{"minecraft:tuff":5,"minecraft:white_bed":6,"minecraft:deepslate_diamond_ore":5,"minecraft:cherry_log":25,"minecraft:obsidian":52,"minecraft:allium":1,"minecraft:grass_block":241,"minecraft:deepslate_bricks":51,"minecraft:deepslate_tile_stairs":1,"minecraft:hay_block":24,"minecraft:deepslate_brick_slab":4,"minecraft:tall_seagrass":1,"minecraft:carrots":28,"minecraft:cobbled_deepslate":2,"minecraft:iron_ore":6,"minecraft:fire":5,"minecraft:anvil":1,"minecraft:fletching_table":2,"minecraft:enchanting_table":1,"minecraft:peony":3,"minecraft:gold_block":2,"minecraft:red_tulip":6,"minecraft:deepslate_iron_ore":8,"minecraft:dirt_path":19,"minecraft:deepslate_brick_stairs":16,"minecraft:stone":745,"minecraft:white_wool":3,"minecraft:smithing_table":6,"minecraft:deepslate_redstone_ore":15,"minecraft:oak_slab":18,"minecraft:crafting_table":1,"minecraft:oak_fence":6,"minecraft:cornflower":6,"minecraft:torch":10,"minecraft:chest":10,"minecraft:rose_bush":1,"minecraft:stone_slab":4,"minecraft:tall_grass":22,"minecraft:cobblestone":67,"minecraft:deepslate_gold_ore":10,"minecraft:sugar_cane":28,"minecraft:lapis_ore":8,"minecraft:grindstone":1,"minecraft:oak_planks":26,"minecraft:wall_torch":6,"minecraft:pink_petals":52,"minecraft:stone_stairs":6,"minecraft:yellow_wool":3,"minecraft:orange_tulip":14,"minecraft:yellow_bed":3,"minecraft:grass":49,"minecraft:oak_log":87,"minecraft:coal_ore":128,"minecraft:sand":224,"minecraft:cherry_leaves":8,"minecraft:gravel":23,"minecraft:dirt":281,"minecraft:stonecutter":1,"minecraft:deepslate":329,"minecraft:oak_leaves":20,"minecraft:spruce_planks":5},"minecraft:crafted":{"minecraft:cherry_planks":20,"minecraft:oak_planks":836,"minecraft:smooth_stone":4,"minecraft:chainmail_helmet":2,"minecraft:stone_shovel":3,"minecraft:furnace":2,"minecraft:blast_furnace":1,"minecraft:stone":546,"minecraft:yellow_bed":1,"minecraft:diamond_shovel":16,"minecraft:bookshelf":4,"minecraft:stone_stairs":40,"minecraft:glass":192,"minecraft:diamond_helmet":1,"minecraft:bow":1,"minecraft:diamond_leggings":4,"minecraft:iron_axe":4,"minecraft:stone_pickaxe":29,"minecraft:chest":10,"minecraft:diamond_boots":3,"minecraft:stone_hoe":3,"minecraft:magenta_dye":1,"minecraft:chainmail_leggings":12,"minecraft:wheat":9,"minecraft:cooked_beef":10,"minecraft:oak_slab":48,"minecraft:emerald":145,"minecraft:diamond_axe":3,"minecraft:crafting_table":3,"minecraft:wooden_pickaxe":1,"minecraft:iron_helmet":1,"minecraft:smithing_table":1,"minecraft:fletching_table":2,"minecraft:bucket":1,"minecraft:stone_axe":8,"minecraft:air":0,"minecraft:book":12,"minecraft:iron_chestplate":12,"minecraft:paper":36,"minecraft:diamond_pickaxe":3,"minecraft:shield":7,"minecraft:stick":1352,"minecraft:iron_ingot":2,"minecraft:iron_block":3,"minecraft:cherry_door":3,"minecraft:iron_shovel":4,"minecraft:anvil":1,"minecraft:white_bed":1,"minecraft:diamond_chestplate":1}},"DataVersion":3463}